{
    "77d7019": {
        "avg_score": 5.888888888888889,
        "repo_scores": {
            "openpilot": 0.4444444444444444,
            "core": 0.5555555555555556,
            "rich": 1.0,
            "tqdm": 0.7777777777777778,
            "proxy_pool": 0.4444444444444444,
            "fastapi": 0.8888888888888888,
            "open-interpreter": 0.3333333333333333,
            "black": 1.0,
            "keyboard": 0.4444444444444444
        }
    },
    "category_scores": {
        "1": 0.6296296296296297,
        "2": 0.6111111111111112,
        "3": 0.5925925925925926,
        "4": 1.0
    },
    "99d4ed0": {
        "avg_score": 5.4,
        "repo_scores": {
            "openpilot": 0.4,
            "core": 0.3,
            "rich": 0.8,
            "tqdm": 0.7,
            "proxy_pool": 0.4,
            "fastapi": 1.0,
            "open-interpreter": 0.6,
            "black": 1.0,
            "keyboard": 0.2
        }
    }
}